category,asset_name,code,date,value,source
指数/波动率,标普500,SPX.GI,2026-08-18,7691.76,Choice API / CSD
指数/波动率,标普500,SPX.GI,2026-08-19,7707.98,Choice API / CSD
指数/波动率,标普500,SPX.GI,2026-08-20,7641.16,Choice API / CSD
指数/波动率,标普500,SPX.GI,2026-08-21,7674.37,Choice API / CSD
指数/波动率,标普500,SPX.GI,2026-08-24,7652.86,Choice API / CSD
指数/波动率,标普500,SPX.GI,2026-08-25,7677.28,Choice API / CSD
指数/波动率,标普500,SPX.GI,2026-08-26,7675.7,Choice API / CSD
指数/波动率,标普500,SPX.GI,2026-08-27,7730.99,Choice API / CSD
指数/波动率,标普500,SPX.GI,2026-08-28,7711.76,Choice API / CSD
指数/波动率,标普500,SPX.GI,2026-08-31,7686.14,Choice API / CSD
指数/波动率,标普500,SPX.GI,2026-09-01,7631.47,Choice API / CSD
指数/波动率,标普500,SPX.GI,2026-09-02,7666.6,Choice API / CSD
指数/波动率,标普500,SPX.GI,2026-09-03,7747.71,Choice API / CSD
指数/波动率,标普500,SPX.GI,2026-09-04,7718.6,Choice API / CSD
指数/波动率,标普500,SPX.GI,2026-09-07,,Choice API / CSD
指数/波动率,标普500,SPX.GI,2026-09-08,7673.52,Choice API / CSD
指数/波动率,标普500,SPX.GI,2026-09-09,7636.36,Choice API / CSD
指数/波动率,标普500,SPX.GI,2026-09-10,7591.7,Choice API / CSD
指数/波动率,标普500,SPX.GI,2026-09-11,7656.98,Choice API / CSD
指数/波动率,标普500,SPX.GI,2026-09-14,7619.98,Choice API / CSD
指数/波动率,标普500,SPX.GI,2026-09-15,7585.73,Choice API / CSD
指数/波动率,道琼斯工业平均指数,DJIA.GI,2026-08-18,53343.4,Choice API / CSD
指数/波动率,道琼斯工业平均指数,DJIA.GI,2026-08-19,53463.05,Choice API / CSD
指数/波动率,道琼斯工业平均指数,DJIA.GI,2026-08-20,52759.21,Choice API / CSD
指数/波动率,道琼斯工业平均指数,DJIA.GI,2026-08-21,53277.01,Choice API / CSD
指数/波动率,道琼斯工业平均指数,DJIA.GI,2026-08-24,53417.16,Choice API / CSD
指数/波动率,道琼斯工业平均指数,DJIA.GI,2026-08-25,53577.4,Choice API / CSD
指数/波动率,道琼斯工业平均指数,DJIA.GI,2026-08-26,53463.88,Choice API / CSD
指数/波动率,道琼斯工业平均指数,DJIA.GI,2026-08-27,53569.44,Choice API / CSD
指数/波动率,道琼斯工业平均指数,DJIA.GI,2026-08-28,53559.99,Choice API / CSD
指数/波动率,道琼斯工业平均指数,DJIA.GI,2026-08-31,53185.895,Choice API / CSD
指数/波动率,道琼斯工业平均指数,DJIA.GI,2026-09-01,52766.88,Choice API / CSD
指数/波动率,道琼斯工业平均指数,DJIA.GI,2026-09-02,53061.95,Choice API / CSD
指数/波动率,道琼斯工业平均指数,DJIA.GI,2026-09-03,53686.11,Choice API / CSD
指数/波动率,道琼斯工业平均指数,DJIA.GI,2026-09-04,53414.246,Choice API / CSD
指数/波动率,道琼斯工业平均指数,DJIA.GI,2026-09-07,,Choice API / CSD
指数/波动率,道琼斯工业平均指数,DJIA.GI,2026-09-08,52786.07,Choice API / CSD
指数/波动率,道琼斯工业平均指数,DJIA.GI,2026-09-09,52380.66,Choice API / CSD
指数/波动率,道琼斯工业平均指数,DJIA.GI,2026-09-10,52064.105,Choice API / CSD
指数/波动率,道琼斯工业平均指数,DJIA.GI,2026-09-11,52573.29,Choice API / CSD
指数/波动率,道琼斯工业平均指数,DJIA.GI,2026-09-14,52421.2,Choice API / CSD
指数/波动率,道琼斯工业平均指数,DJIA.GI,2026-09-15,52093.11,Choice API / CSD
指数/波动率,纳斯达克综合指数,IXIC.GI,2026-08-18,26289.713,Choice API / CSD
指数/波动率,纳斯达克综合指数,IXIC.GI,2026-08-19,26331.09,Choice API / CSD
指数/波动率,纳斯达克综合指数,IXIC.GI,2026-08-20,26067.166,Choice API / CSD
指数/波动率,纳斯达克综合指数,IXIC.GI,2026-08-21,26180.455,Choice API / CSD
指数/波动率,纳斯达克综合指数,IXIC.GI,2026-08-24,25980.191,Choice API / CSD
指数/波动率,纳斯达克综合指数,IXIC.GI,2026-08-25,26151.3,Choice API / CSD
指数/波动率,纳斯达克综合指数,IXIC.GI,2026-08-26,26130.195,Choice API / CSD
指数/波动率,纳斯达克综合指数,IXIC.GI,2026-08-27,26541.352,Choice API / CSD
指数/波动率,纳斯达克综合指数,IXIC.GI,2026-08-28,26402.424,Choice API / CSD
指数/波动率,纳斯达克综合指数,IXIC.GI,2026-08-31,26370.889,Choice API / CSD
指数/波动率,纳斯达克综合指数,IXIC.GI,2026-09-01,26099.773,Choice API / CSD
指数/波动率,纳斯达克综合指数,IXIC.GI,2026-09-02,26217.828,Choice API / CSD
指数/波动率,纳斯达克综合指数,IXIC.GI,2026-09-03,26584.06,Choice API / CSD
指数/波动率,纳斯达克综合指数,IXIC.GI,2026-09-04,26506.99,Choice API / CSD
指数/波动率,纳斯达克综合指数,IXIC.GI,2026-09-07,,Choice API / CSD
指数/波动率,纳斯达克综合指数,IXIC.GI,2026-09-08,26421.412,Choice API / CSD
指数/波动率,纳斯达克综合指数,IXIC.GI,2026-09-09,26253.34,Choice API / CSD
指数/波动率,纳斯达克综合指数,IXIC.GI,2026-09-10,26081.725,Choice API / CSD
指数/波动率,纳斯达克综合指数,IXIC.GI,2026-09-11,26333.035,Choice API / CSD
指数/波动率,纳斯达克综合指数,IXIC.GI,2026-09-14,26186.412,Choice API / CSD
指数/波动率,纳斯达克综合指数,IXIC.GI,2026-09-15,25981.572,Choice API / CSD
指数/波动率,日经225,N225.GI,2026-08-18,67460.73,Choice API / CSD
指数/波动率,日经225,N225.GI,2026-08-19,65326.42,Choice API / CSD
指数/波动率,日经225,N225.GI,2026-08-20,66216.79,Choice API / CSD
指数/波动率,日经225,N225.GI,2026-08-21,66016.36,Choice API / CSD
指数/波动率,日经225,N225.GI,2026-08-24,65528.09,Choice API / CSD
指数/波动率,日经225,N225.GI,2026-08-25,65856.43,Choice API / CSD
指数/波动率,日经225,N225.GI,2026-08-26,66262.16,Choice API / CSD
指数/波动率,日经225,N225.GI,2026-08-27,66131.98,Choice API / CSD
指数/波动率,日经225,N225.GI,2026-08-28,66405.56,Choice API / CSD
指数/波动率,日经225,N225.GI,2026-08-31,66311.93,Choice API / CSD
指数/波动率,日经225,N225.GI,2026-09-01,66215.34,Choice API / CSD
指数/波动率,日经225,N225.GI,2026-09-02,64325.64,Choice API / CSD
指数/波动率,日经225,N225.GI,2026-09-03,64214.48,Choice API / CSD
指数/波动率,日经225,N225.GI,2026-09-04,65020.94,Choice API / CSD
指数/波动率,日经225,N225.GI,2026-09-07,66399.84,Choice API / CSD
指数/波动率,日经225,N225.GI,2026-09-08,65269.33,Choice API / CSD
指数/波动率,日经225,N225.GI,2026-09-09,65142.78,Choice API / CSD
指数/波动率,日经225,N225.GI,2026-09-10,65270.953,Choice API / CSD
指数/波动率,日经225,N225.GI,2026-09-11,64011.34,Choice API / CSD
指数/波动率,日经225,N225.GI,2026-09-14,63492.992,Choice API / CSD
指数/波动率,日经225,N225.GI,2026-09-15,63484.1,Choice API / CSD
指数/波动率,KOSPI,KS11.GI,2026-08-18,6869.83,Choice API / CSD
指数/波动率,KOSPI,KS11.GI,2026-08-19,6471.17,Choice API / CSD
指数/波动率,KOSPI,KS11.GI,2026-08-20,6852.58,Choice API / CSD
指数/波动率,KOSPI,KS11.GI,2026-08-21,6912.95,Choice API / CSD
指数/波动率,KOSPI,KS11.GI,2026-08-24,6696.96,Choice API / CSD
指数/波动率,KOSPI,KS11.GI,2026-08-25,6742.74,Choice API / CSD
指数/波动率,KOSPI,KS11.GI,2026-08-26,6808.21,Choice API / CSD
指数/波动率,KOSPI,KS11.GI,2026-08-27,6912.37,Choice API / CSD
指数/波动率,KOSPI,KS11.GI,2026-08-28,6788.88,Choice API / CSD
指数/波动率,KOSPI,KS11.GI,2026-08-31,6820.02,Choice API / CSD
指数/波动率,KOSPI,KS11.GI,2026-09-01,6835.8,Choice API / CSD
指数/波动率,KOSPI,KS11.GI,2026-09-02,6562.72,Choice API / CSD
指数/波动率,KOSPI,KS11.GI,2026-09-03,6579.48,Choice API / CSD
指数/波动率,KOSPI,KS11.GI,2026-09-04,6687.21,Choice API / CSD
指数/波动率,KOSPI,KS11.GI,2026-09-07,6995.39,Choice API / CSD
指数/波动率,KOSPI,KS11.GI,2026-09-08,6954.52,Choice API / CSD
指数/波动率,KOSPI,KS11.GI,2026-09-09,7051.64,Choice API / CSD
指数/波动率,KOSPI,KS11.GI,2026-09-10,7033.92,Choice API / CSD
指数/波动率,KOSPI,KS11.GI,2026-09-11,6909.91,Choice API / CSD
指数/波动率,KOSPI,KS11.GI,2026-09-14,6684.37,Choice API / CSD
指数/波动率,KOSPI,KS11.GI,2026-09-15,6627.26,Choice API / CSD
指数/波动率,DAX,GDAXI.GI,2026-08-18,26128.36,Choice API / CSD
指数/波动率,DAX,GDAXI.GI,2026-08-19,26091.33,Choice API / CSD
指数/波动率,DAX,GDAXI.GI,2026-08-20,25983.04,Choice API / CSD
指数/波动率,DAX,GDAXI.GI,2026-08-21,26136.56,Choice API / CSD
指数/波动率,DAX,GDAXI.GI,2026-08-24,26106.6,Choice API / CSD
指数/波动率,DAX,GDAXI.GI,2026-08-25,26266.14,Choice API / CSD
指数/波动率,DAX,GDAXI.GI,2026-08-26,26285.96,Choice API / CSD
指数/波动率,DAX,GDAXI.GI,2026-08-27,26367.24,Choice API / CSD
指数/波动率,DAX,GDAXI.GI,2026-08-28,26569.99,Choice API / CSD
指数/波动率,DAX,GDAXI.GI,2026-08-31,26258.107,Choice API / CSD
指数/波动率,DAX,GDAXI.GI,2026-09-01,25970.107,Choice API / CSD
指数/波动率,DAX,GDAXI.GI,2026-09-02,25839.33,Choice API / CSD
指数/波动率,DAX,GDAXI.GI,2026-09-03,26003.32,Choice API / CSD
指数/波动率,DAX,GDAXI.GI,2026-09-04,26046.4,Choice API / CSD
指数/波动率,DAX,GDAXI.GI,2026-09-07,26006.527,Choice API / CSD
指数/波动率,DAX,GDAXI.GI,2026-09-08,26007.633,Choice API / CSD
指数/波动率,DAX,GDAXI.GI,2026-09-09,25576.447,Choice API / CSD
指数/波动率,DAX,GDAXI.GI,2026-09-10,25361.15,Choice API / CSD
指数/波动率,DAX,GDAXI.GI,2026-09-11,25568.56,Choice API / CSD
指数/波动率,DAX,GDAXI.GI,2026-09-14,25440.812,Choice API / CSD
指数/波动率,DAX,GDAXI.GI,2026-09-15,25402.28,Choice API / CSD
指数/波动率,CAC40,FCHI.GI,2026-08-18,8509.36,Choice API / CSD
指数/波动率,CAC40,FCHI.GI,2026-08-19,8501.91,Choice API / CSD
指数/波动率,CAC40,FCHI.GI,2026-08-20,8453.09,Choice API / CSD
指数/波动率,CAC40,FCHI.GI,2026-08-21,8484.43,Choice API / CSD
指数/波动率,CAC40,FCHI.GI,2026-08-24,8453.01,Choice API / CSD
指数/波动率,CAC40,FCHI.GI,2026-08-25,8439.2,Choice API / CSD
指数/波动率,CAC40,FCHI.GI,2026-08-26,8462.39,Choice API / CSD
指数/波动率,CAC40,FCHI.GI,2026-08-27,8319.87,Choice API / CSD
指数/波动率,CAC40,FCHI.GI,2026-08-28,8401.18,Choice API / CSD
指数/波动率,CAC40,FCHI.GI,2026-08-31,8334.5,Choice API / CSD
指数/波动率,CAC40,FCHI.GI,2026-09-01,8301.85,Choice API / CSD
指数/波动率,CAC40,FCHI.GI,2026-09-02,8280.63,Choice API / CSD
指数/波动率,CAC40,FCHI.GI,2026-09-03,8286.4,Choice API / CSD
指数/波动率,CAC40,FCHI.GI,2026-09-04,8278.77,Choice API / CSD
指数/波动率,CAC40,FCHI.GI,2026-09-07,8306.15,Choice API / CSD
指数/波动率,CAC40,FCHI.GI,2026-09-08,8317.98,Choice API / CSD
指数/波动率,CAC40,FCHI.GI,2026-09-09,8156.67,Choice API / CSD
指数/波动率,CAC40,FCHI.GI,2026-09-10,8116.76,Choice API / CSD
指数/波动率,CAC40,FCHI.GI,2026-09-11,8179.77,Choice API / CSD
指数/波动率,CAC40,FCHI.GI,2026-09-14,8117.78,Choice API / CSD
指数/波动率,CAC40,FCHI.GI,2026-09-15,8090.28,Choice API / CSD
指数/波动率,IBOV,BVSP.GI,2026-08-18,166334.86,Choice API / CSD
指数/波动率,IBOV,BVSP.GI,2026-08-19,167830.27,Choice API / CSD
指数/波动率,IBOV,BVSP.GI,2026-08-20,167927.15,Choice API / CSD
指数/波动率,IBOV,BVSP.GI,2026-08-21,171032.0,Choice API / CSD
指数/波动率,IBOV,BVSP.GI,2026-08-24,171906.72,Choice API / CSD
指数/波动率,IBOV,BVSP.GI,2026-08-25,174576.8,Choice API / CSD
指数/波动率,IBOV,BVSP.GI,2026-08-26,174586.26,Choice API / CSD
指数/波动率,IBOV,BVSP.GI,2026-08-27,175135.0,Choice API / CSD
指数/波动率,IBOV,BVSP.GI,2026-08-28,175664.62,Choice API / CSD
指数/波动率,IBOV,BVSP.GI,2026-08-31,177419.0,Choice API / CSD
指数/波动率,IBOV,BVSP.GI,2026-09-01,179722.48,Choice API / CSD
指数/波动率,IBOV,BVSP.GI,2026-09-02,185205.09,Choice API / CSD
指数/波动率,IBOV,BVSP.GI,2026-09-03,185188.13,Choice API / CSD
指数/波动率,IBOV,BVSP.GI,2026-09-04,185147.15,Choice API / CSD
指数/波动率,IBOV,BVSP.GI,2026-09-07,,Choice API / CSD
指数/波动率,IBOV,BVSP.GI,2026-09-08,187366.84,Choice API / CSD
指数/波动率,IBOV,BVSP.GI,2026-09-09,185629.04,Choice API / CSD
指数/波动率,IBOV,BVSP.GI,2026-09-10,188268.59,Choice API / CSD
指数/波动率,IBOV,BVSP.GI,2026-09-11,187206.89,Choice API / CSD
指数/波动率,IBOV,BVSP.GI,2026-09-14,185500.88,Choice API / CSD
指数/波动率,IBOV,BVSP.GI,2026-09-15,186502.64,Choice API / CSD
指数/波动率,Sensex,SENSEX.GI,2026-08-18,77235.45,Choice API / CSD
指数/波动率,Sensex,SENSEX.GI,2026-08-19,76909.68,Choice API / CSD
指数/波动率,Sensex,SENSEX.GI,2026-08-20,77537.72,Choice API / CSD
指数/波动率,Sensex,SENSEX.GI,2026-08-21,77540.83,Choice API / CSD
指数/波动率,Sensex,SENSEX.GI,2026-08-24,77369.11,Choice API / CSD
指数/波动率,Sensex,SENSEX.GI,2026-08-25,77656.086,Choice API / CSD
指数/波动率,Sensex,SENSEX.GI,2026-08-26,77472.945,Choice API / CSD
指数/波动率,Sensex,SENSEX.GI,2026-08-27,76933.59,Choice API / CSD
指数/波动率,Sensex,SENSEX.GI,2026-08-28,77264.516,Choice API / CSD
指数/波动率,Sensex,SENSEX.GI,2026-08-31,76957.27,Choice API / CSD
指数/波动率,Sensex,SENSEX.GI,2026-09-01,76944.28,Choice API / CSD
指数/波动率,Sensex,SENSEX.GI,2026-09-02,76570.35,Choice API / CSD
指数/波动率,Sensex,SENSEX.GI,2026-09-03,76152.87,Choice API / CSD
指数/波动率,Sensex,SENSEX.GI,2026-09-04,76515.43,Choice API / CSD
指数/波动率,Sensex,SENSEX.GI,2026-09-07,76132.805,Choice API / CSD
指数/波动率,Sensex,SENSEX.GI,2026-09-08,75577.586,Choice API / CSD
指数/波动率,Sensex,SENSEX.GI,2026-09-09,74764.234,Choice API / CSD
指数/波动率,Sensex,SENSEX.GI,2026-09-10,74902.59,Choice API / CSD
指数/波动率,Sensex,SENSEX.GI,2026-09-11,74781.76,Choice API / CSD
指数/波动率,Sensex,SENSEX.GI,2026-09-14,,Choice API / CSD
指数/波动率,Sensex,SENSEX.GI,2026-09-15,74003.82,Choice API / CSD
指数/波动率,VIX,VIX.GI,2026-08-18,15.84,Choice API / CSD
指数/波动率,VIX,VIX.GI,2026-08-19,14.89,Choice API / CSD
指数/波动率,VIX,VIX.GI,2026-08-20,16.01,Choice API / CSD
指数/波动率,VIX,VIX.GI,2026-08-21,15.13,Choice API / CSD
指数/波动率,VIX,VIX.GI,2026-08-24,15.85,Choice API / CSD
指数/波动率,VIX,VIX.GI,2026-08-25,15.45,Choice API / CSD
指数/波动率,VIX,VIX.GI,2026-08-26,15.21,Choice API / CSD
指数/波动率,VIX,VIX.GI,2026-08-27,14.51,Choice API / CSD
指数/波动率,VIX,VIX.GI,2026-08-28,14.43,Choice API / CSD
指数/波动率,VIX,VIX.GI,2026-08-31,14.92,Choice API / CSD
指数/波动率,VIX,VIX.GI,2026-09-01,16.34,Choice API / CSD
指数/波动率,VIX,VIX.GI,2026-09-02,15.2,Choice API / CSD
指数/波动率,VIX,VIX.GI,2026-09-03,14.32,Choice API / CSD
指数/波动率,VIX,VIX.GI,2026-09-04,14.53,Choice API / CSD
指数/波动率,VIX,VIX.GI,2026-09-07,15.3,Choice API / CSD
指数/波动率,VIX,VIX.GI,2026-09-08,15.72,Choice API / CSD
指数/波动率,VIX,VIX.GI,2026-09-09,16.46,Choice API / CSD
指数/波动率,VIX,VIX.GI,2026-09-10,17.84,Choice API / CSD
指数/波动率,VIX,VIX.GI,2026-09-11,15.84,Choice API / CSD
指数/波动率,VIX,VIX.GI,2026-09-14,17.1,Choice API / CSD
指数/波动率,VIX,VIX.GI,2026-09-15,17.2,Choice API / CSD
汇率,USDJPY,USDJPY.FX,2026-08-18,159.60875,Choice API / CSD
汇率,USDJPY,USDJPY.FX,2026-08-19,158.162,Choice API / CSD
汇率,USDJPY,USDJPY.FX,2026-08-20,159.035,Choice API / CSD
汇率,USDJPY,USDJPY.FX,2026-08-21,158.972,Choice API / CSD
汇率,USDJPY,USDJPY.FX,2026-08-24,159.06425,Choice API / CSD
汇率,USDJPY,USDJPY.FX,2026-08-25,159.223,Choice API / CSD
汇率,USDJPY,USDJPY.FX,2026-08-26,159.308,Choice API / CSD
汇率,USDJPY,USDJPY.FX,2026-08-27,159.39025,Choice API / CSD
汇率,USDJPY,USDJPY.FX,2026-08-28,160.07025,Choice API / CSD
汇率,USDJPY,USDJPY.FX,2026-08-31,159.74625,Choice API / CSD
汇率,USDJPY,USDJPY.FX,2026-09-01,160.17975,Choice API / CSD
汇率,USDJPY,USDJPY.FX,2026-09-02,158.71175,Choice API / CSD
汇率,USDJPY,USDJPY.FX,2026-09-03,155.79675,Choice API / CSD
汇率,USDJPY,USDJPY.FX,2026-09-04,156.26125,Choice API / CSD
汇率,USDJPY,USDJPY.FX,2026-09-07,154.34325,Choice API / CSD
汇率,USDJPY,USDJPY.FX,2026-09-08,153.9935,Choice API / CSD
汇率,USDJPY,USDJPY.FX,2026-09-09,153.54375,Choice API / CSD
汇率,USDJPY,USDJPY.FX,2026-09-10,154.4355,Choice API / CSD
汇率,USDJPY,USDJPY.FX,2026-09-11,153.5935,Choice API / CSD
汇率,USDJPY,USDJPY.FX,2026-09-14,154.34125,Choice API / CSD
汇率,USDJPY,USDJPY.FX,2026-09-15,155.098,Choice API / CSD
汇率,EURUSD,EURUSD.FX,2026-08-18,1.15759,Choice API / CSD
汇率,EURUSD,EURUSD.FX,2026-08-19,1.1677,Choice API / CSD
汇率,EURUSD,EURUSD.FX,2026-08-20,1.16795,Choice API / CSD
汇率,EURUSD,EURUSD.FX,2026-08-21,1.16778,Choice API / CSD
汇率,EURUSD,EURUSD.FX,2026-08-24,1.1665,Choice API / CSD
汇率,EURUSD,EURUSD.FX,2026-08-25,1.16742,Choice API / CSD
汇率,EURUSD,EURUSD.FX,2026-08-26,1.16521,Choice API / CSD
汇率,EURUSD,EURUSD.FX,2026-08-27,1.16523,Choice API / CSD
汇率,EURUSD,EURUSD.FX,2026-08-28,1.15835,Choice API / CSD
汇率,EURUSD,EURUSD.FX,2026-08-31,1.16172,Choice API / CSD
汇率,EURUSD,EURUSD.FX,2026-09-01,1.15925,Choice API / CSD
汇率,EURUSD,EURUSD.FX,2026-09-02,1.1589,Choice API / CSD
汇率,EURUSD,EURUSD.FX,2026-09-03,1.16266,Choice API / CSD
汇率,EURUSD,EURUSD.FX,2026-09-04,1.16138,Choice API / CSD
汇率,EURUSD,EURUSD.FX,2026-09-07,1.16228,Choice API / CSD
汇率,EURUSD,EURUSD.FX,2026-09-08,1.16236,Choice API / CSD
汇率,EURUSD,EURUSD.FX,2026-09-09,1.16328,Choice API / CSD
汇率,EURUSD,EURUSD.FX,2026-09-10,1.16115,Choice API / CSD
汇率,EURUSD,EURUSD.FX,2026-09-11,1.15988,Choice API / CSD
汇率,EURUSD,EURUSD.FX,2026-09-14,1.15487,Choice API / CSD
汇率,EURUSD,EURUSD.FX,2026-09-15,1.15421,Choice API / CSD
汇率,USDKRW,USDKRW.FX,2026-08-18,1413.1,Choice API / CSD
汇率,USDKRW,USDKRW.FX,2026-08-19,1388.755,Choice API / CSD
汇率,USDKRW,USDKRW.FX,2026-08-20,1394.5575,Choice API / CSD
汇率,USDKRW,USDKRW.FX,2026-08-21,1386.17,Choice API / CSD
汇率,USDKRW,USDKRW.FX,2026-08-24,1383.5775,Choice API / CSD
汇率,USDKRW,USDKRW.FX,2026-08-25,1382.1375,Choice API / CSD
汇率,USDKRW,USDKRW.FX,2026-08-26,1384.8575,Choice API / CSD
汇率,USDKRW,USDKRW.FX,2026-08-27,1381.8575,Choice API / CSD
汇率,USDKRW,USDKRW.FX,2026-08-28,1377.18,Choice API / CSD
汇率,USDKRW,USDKRW.FX,2026-08-31,1366.9125,Choice API / CSD
汇率,USDKRW,USDKRW.FX,2026-09-01,1373.6525,Choice API / CSD
汇率,USDKRW,USDKRW.FX,2026-09-02,1358.205,Choice API / CSD
汇率,USDKRW,USDKRW.FX,2026-09-03,1356.555,Choice API / CSD
汇率,USDKRW,USDKRW.FX,2026-09-04,1346.4475,Choice API / CSD
汇率,USDKRW,USDKRW.FX,2026-09-07,1345.02,Choice API / CSD
汇率,USDKRW,USDKRW.FX,2026-09-08,1340.275,Choice API / CSD
汇率,USDKRW,USDKRW.FX,2026-09-09,1340.105,Choice API / CSD
汇率,USDKRW,USDKRW.FX,2026-09-10,1350.005,Choice API / CSD
汇率,USDKRW,USDKRW.FX,2026-09-11,1341.49,Choice API / CSD
汇率,USDKRW,USDKRW.FX,2026-09-14,1347.955,Choice API / CSD
汇率,USDKRW,USDKRW.FX,2026-09-15,1361.555,Choice API / CSD
汇率,USDINR,USDINR.FX,2026-08-18,95.78505,Choice API / CSD
汇率,USDINR,USDINR.FX,2026-08-19,95.52078,Choice API / CSD
汇率,USDINR,USDINR.FX,2026-08-20,95.77805,Choice API / CSD
汇率,USDINR,USDINR.FX,2026-08-21,95.63158,Choice API / CSD
汇率,USDINR,USDINR.FX,2026-08-24,95.79403,Choice API / CSD
汇率,USDINR,USDINR.FX,2026-08-25,95.15312,Choice API / CSD
汇率,USDINR,USDINR.FX,2026-08-26,95.3629,Choice API / CSD
汇率,USDINR,USDINR.FX,2026-08-27,95.50383,Choice API / CSD
汇率,USDINR,USDINR.FX,2026-08-28,95.42915,Choice API / CSD
汇率,USDINR,USDINR.FX,2026-08-31,95.14195,Choice API / CSD
汇率,USDINR,USDINR.FX,2026-09-01,94.97113,Choice API / CSD
汇率,USDINR,USDINR.FX,2026-09-02,94.46983,Choice API / CSD
汇率,USDINR,USDINR.FX,2026-09-03,94.60523,Choice API / CSD
汇率,USDINR,USDINR.FX,2026-09-04,94.4366,Choice API / CSD
汇率,USDINR,USDINR.FX,2026-09-07,94.566,Choice API / CSD
汇率,USDINR,USDINR.FX,2026-09-08,94.8428,Choice API / CSD
汇率,USDINR,USDINR.FX,2026-09-09,95.159,Choice API / CSD
汇率,USDINR,USDINR.FX,2026-09-10,95.6918,Choice API / CSD
汇率,USDINR,USDINR.FX,2026-09-11,95.6,Choice API / CSD
汇率,USDINR,USDINR.FX,2026-09-14,95.83485,Choice API / CSD
汇率,USDINR,USDINR.FX,2026-09-15,95.9938,Choice API / CSD
汇率,USDBRL,USDBRL.FX,2026-08-18,5.2192,Choice API / CSD
汇率,USDBRL,USDBRL.FX,2026-08-19,5.17633,Choice API / CSD
汇率,USDBRL,USDBRL.FX,2026-08-20,5.1979,Choice API / CSD
汇率,USDBRL,USDBRL.FX,2026-08-21,5.14015,Choice API / CSD
汇率,USDBRL,USDBRL.FX,2026-08-24,5.15235,Choice API / CSD
汇率,USDBRL,USDBRL.FX,2026-08-25,5.1478,Choice API / CSD
汇率,USDBRL,USDBRL.FX,2026-08-26,5.15015,Choice API / CSD
汇率,USDBRL,USDBRL.FX,2026-08-27,5.1627,Choice API / CSD
汇率,USDBRL,USDBRL.FX,2026-08-28,5.19405,Choice API / CSD
汇率,USDBRL,USDBRL.FX,2026-08-31,5.1858,Choice API / CSD
汇率,USDBRL,USDBRL.FX,2026-09-01,5.15448,Choice API / CSD
汇率,USDBRL,USDBRL.FX,2026-09-02,5.09135,Choice API / CSD
汇率,USDBRL,USDBRL.FX,2026-09-03,5.10805,Choice API / CSD
汇率,USDBRL,USDBRL.FX,2026-09-04,5.12825,Choice API / CSD
汇率,USDBRL,USDBRL.FX,2026-09-07,5.1271,Choice API / CSD
汇率,USDBRL,USDBRL.FX,2026-09-08,5.08523,Choice API / CSD
汇率,USDBRL,USDBRL.FX,2026-09-09,5.10835,Choice API / CSD
汇率,USDBRL,USDBRL.FX,2026-09-10,5.10505,Choice API / CSD
汇率,USDBRL,USDBRL.FX,2026-09-11,5.12175,Choice API / CSD
汇率,USDBRL,USDBRL.FX,2026-09-14,5.14273,Choice API / CSD
汇率,USDBRL,USDBRL.FX,2026-09-15,5.14425,Choice API / CSD
汇率,USDSAR,USDSAR.FX,2026-08-18,3.74659,Choice API / CSD
汇率,USDSAR,USDSAR.FX,2026-08-19,3.7562,Choice API / CSD
汇率,USDSAR,USDSAR.FX,2026-08-20,3.75663,Choice API / CSD
汇率,USDSAR,USDSAR.FX,2026-08-21,3.75658,Choice API / CSD
汇率,USDSAR,USDSAR.FX,2026-08-24,3.76019,Choice API / CSD
汇率,USDSAR,USDSAR.FX,2026-08-25,3.75829,Choice API / CSD
汇率,USDSAR,USDSAR.FX,2026-08-26,3.75816,Choice API / CSD
汇率,USDSAR,USDSAR.FX,2026-08-27,3.75363,Choice API / CSD
汇率,USDSAR,USDSAR.FX,2026-08-28,3.75216,Choice API / CSD
汇率,USDSAR,USDSAR.FX,2026-08-31,3.776,Choice API / CSD
汇率,USDSAR,USDSAR.FX,2026-09-01,3.7544,Choice API / CSD
汇率,USDSAR,USDSAR.FX,2026-09-02,3.74764,Choice API / CSD
汇率,USDSAR,USDSAR.FX,2026-09-03,3.72788,Choice API / CSD
汇率,USDSAR,USDSAR.FX,2026-09-04,3.809,Choice API / CSD
汇率,USDSAR,USDSAR.FX,2026-09-07,3.75585,Choice API / CSD
汇率,USDSAR,USDSAR.FX,2026-09-08,3.75555,Choice API / CSD
汇率,USDSAR,USDSAR.FX,2026-09-09,3.75555,Choice API / CSD
汇率,USDSAR,USDSAR.FX,2026-09-10,3.75202,Choice API / CSD
汇率,USDSAR,USDSAR.FX,2026-09-11,3.7723,Choice API / CSD
汇率,USDSAR,USDSAR.FX,2026-09-14,3.75148,Choice API / CSD
汇率,USDSAR,USDSAR.FX,2026-09-15,3.75308,Choice API / CSD
商品,WTI,CL,2026-08-18,84.38,新浪外盘期货 API
商品,WTI,CL,2026-08-19,84.39,新浪外盘期货 API
商品,WTI,CL,2026-08-20,86.2,新浪外盘期货 API
商品,WTI,CL,2026-08-21,86.65,新浪外盘期货 API
商品,WTI,CL,2026-08-24,84.96,新浪外盘期货 API
商品,WTI,CL,2026-08-25,81.09,新浪外盘期货 API
商品,WTI,CL,2026-08-26,81.89,新浪外盘期货 API
商品,WTI,CL,2026-08-27,83.55,新浪外盘期货 API
商品,WTI,CL,2026-08-28,83.43,新浪外盘期货 API
商品,WTI,CL,2026-08-31,86.29,新浪外盘期货 API
商品,WTI,CL,2026-09-01,90.67,新浪外盘期货 API
商品,WTI,CL,2026-09-02,90.62,新浪外盘期货 API
商品,WTI,CL,2026-09-03,91.66,新浪外盘期货 API
商品,WTI,CL,2026-09-04,91.22,新浪外盘期货 API
商品,WTI,CL,2026-09-07,92.67,新浪外盘期货 API
商品,WTI,CL,2026-09-08,94.25,新浪外盘期货 API
商品,WTI,CL,2026-09-09,96.67,新浪外盘期货 API
商品,WTI,CL,2026-09-10,103.93,新浪外盘期货 API
商品,WTI,CL,2026-09-11,99.99,新浪外盘期货 API
商品,WTI,CL,2026-09-14,101.86,新浪外盘期货 API
商品,WTI,CL,2026-09-15,105.48,新浪外盘期货 API
商品,Brent,OIL,2026-08-18,91.33,新浪外盘期货 API
商品,Brent,OIL,2026-08-19,91.58,新浪外盘期货 API
商品,Brent,OIL,2026-08-20,93.2,新浪外盘期货 API
商品,Brent,OIL,2026-08-21,91.94,新浪外盘期货 API
商品,Brent,OIL,2026-08-24,90.29,新浪外盘期货 API
商品,Brent,OIL,2026-08-25,85.79,新浪外盘期货 API
商品,Brent,OIL,2026-08-26,86.62,新浪外盘期货 API
商品,Brent,OIL,2026-08-27,88.44,新浪外盘期货 API
商品,Brent,OIL,2026-08-28,88.27,新浪外盘期货 API
商品,Brent,OIL,2026-08-31,90.67,新浪外盘期货 API
商品,Brent,OIL,2026-09-01,95.11,新浪外盘期货 API
商品,Brent,OIL,2026-09-02,95.25,新浪外盘期货 API
商品,Brent,OIL,2026-09-03,95.86,新浪外盘期货 API
商品,Brent,OIL,2026-09-04,95.85,新浪外盘期货 API
商品,Brent,OIL,2026-09-07,97.26,新浪外盘期货 API
商品,Brent,OIL,2026-09-08,99.33,新浪外盘期货 API
商品,Brent,OIL,2026-09-09,101.74,新浪外盘期货 API
商品,Brent,OIL,2026-09-10,109.27,新浪外盘期货 API
商品,Brent,OIL,2026-09-11,103.78,新浪外盘期货 API
商品,Brent,OIL,2026-09-14,106.39,新浪外盘期货 API
商品,Brent,OIL,2026-09-15,108.48,新浪外盘期货 API
商品,COMEX黄金,GC,2026-08-18,4389.4,新浪外盘期货 API
商品,COMEX黄金,GC,2026-08-19,4580.7,新浪外盘期货 API
商品,COMEX黄金,GC,2026-08-20,4574.8,新浪外盘期货 API
商品,COMEX黄金,GC,2026-08-21,4661.6,新浪外盘期货 API
商品,COMEX黄金,GC,2026-08-24,4709.7,新浪外盘期货 API
商品,COMEX黄金,GC,2026-08-25,4715.7,新浪外盘期货 API
商品,COMEX黄金,GC,2026-08-26,4647.8,新浪外盘期货 API
商品,COMEX黄金,GC,2026-08-27,4654.5,新浪外盘期货 API
商品,COMEX黄金,GC,2026-08-28,4503.8,新浪外盘期货 API
商品,COMEX黄金,GC,2026-08-31,4497.3,新浪外盘期货 API
商品,COMEX黄金,GC,2026-09-01,4375.7,新浪外盘期货 API
商品,COMEX黄金,GC,2026-09-02,4434.0,新浪外盘期货 API
商品,COMEX黄金,GC,2026-09-03,4519.9,新浪外盘期货 API
商品,COMEX黄金,GC,2026-09-04,4477.1,新浪外盘期货 API
商品,COMEX黄金,GC,2026-09-07,4451.9,新浪外盘期货 API
商品,COMEX黄金,GC,2026-09-08,4400.0,新浪外盘期货 API
商品,COMEX黄金,GC,2026-09-09,4446.9,新浪外盘期货 API
商品,COMEX黄金,GC,2026-09-10,4358.3,新浪外盘期货 API
商品,COMEX黄金,GC,2026-09-11,4390.0,新浪外盘期货 API
商品,COMEX黄金,GC,2026-09-14,4339.7,新浪外盘期货 API
商品,COMEX黄金,GC,2026-09-15,4333.4,新浪外盘期货 API
商品,COMEX白银,SI,2026-08-18,63.42,新浪外盘期货 API
商品,COMEX白银,SI,2026-08-19,67.88,新浪外盘期货 API
商品,COMEX白银,SI,2026-08-20,68.9,新浪外盘期货 API
商品,COMEX白银,SI,2026-08-21,69.78,新浪外盘期货 API
商品,COMEX白银,SI,2026-08-24,69.735,新浪外盘期货 API
商品,COMEX白银,SI,2026-08-25,69.405,新浪外盘期货 API
商品,COMEX白银,SI,2026-08-26,68.845,新浪外盘期货 API
商品,COMEX白银,SI,2026-08-27,70.055,新浪外盘期货 API
商品,COMEX白银,SI,2026-08-28,67.085,新浪外盘期货 API
商品,COMEX白银,SI,2026-08-31,67.2,新浪外盘期货 API
商品,COMEX白银,SI,2026-09-01,64.655,新浪外盘期货 API
商品,COMEX白银,SI,2026-09-02,65.92,新浪外盘期货 API
商品,COMEX白银,SI,2026-09-03,67.57,新浪外盘期货 API
商品,COMEX白银,SI,2026-09-04,66.81,新浪外盘期货 API
商品,COMEX白银,SI,2026-09-07,66.8,新浪外盘期货 API
商品,COMEX白银,SI,2026-09-08,66.38,新浪外盘期货 API
商品,COMEX白银,SI,2026-09-09,67.925,新浪外盘期货 API
商品,COMEX白银,SI,2026-09-10,64.09,新浪外盘期货 API
商品,COMEX白银,SI,2026-09-11,65.02,新浪外盘期货 API
商品,COMEX白银,SI,2026-09-14,63.75,新浪外盘期货 API
商品,COMEX白银,SI,2026-09-15,64.18,新浪外盘期货 API
利率/美元指数,美元指数,100.UDI,2026-08-18,99.65,东方财富 K线 API
利率/美元指数,美元指数,100.UDI,2026-08-19,98.79,东方财富 K线 API
利率/美元指数,美元指数,100.UDI,2026-08-20,98.87,东方财富 K线 API
利率/美元指数,美元指数,100.UDI,2026-08-21,98.85,东方财富 K线 API
利率/美元指数,美元指数,100.UDI,2026-08-24,98.99,东方财富 K线 API
利率/美元指数,美元指数,100.UDI,2026-08-25,98.91,东方财富 K线 API
利率/美元指数,美元指数,100.UDI,2026-08-26,99.14,东方财富 K线 API
利率/美元指数,美元指数,100.UDI,2026-08-27,99.13,东方财富 K线 API
利率/美元指数,美元指数,100.UDI,2026-08-28,99.68,东方财富 K线 API
利率/美元指数,美元指数,100.UDI,2026-08-31,99.42,东方财富 K线 API
利率/美元指数,美元指数,100.UDI,2026-09-01,99.66,东方财富 K线 API
利率/美元指数,美元指数,100.UDI,2026-09-02,99.56,东方财富 K线 API
利率/美元指数,美元指数,100.UDI,2026-09-03,99.0,东方财富 K线 API
利率/美元指数,美元指数,100.UDI,2026-09-04,99.15,东方财富 K线 API
利率/美元指数,美元指数,100.UDI,2026-09-07,98.92,东方财富 K线 API
利率/美元指数,美元指数,100.UDI,2026-09-08,98.87,东方财富 K线 API
利率/美元指数,美元指数,100.UDI,2026-09-09,98.79,东方财富 K线 API
利率/美元指数,美元指数,100.UDI,2026-09-10,99.09,东方财富 K线 API
利率/美元指数,美元指数,100.UDI,2026-09-11,99.09,东方财富 K线 API
利率/美元指数,美元指数,100.UDI,2026-09-14,99.47,东方财富 K线 API
利率/美元指数,美元指数,100.UDI,2026-09-15,99.63,东方财富 K线 API
利率/美元指数,美债10Y,171.US10Y,2026-08-18,4.71,东方财富 K线 API
利率/美元指数,美债10Y,171.US10Y,2026-08-19,4.6486,东方财富 K线 API
利率/美元指数,美债10Y,171.US10Y,2026-08-20,4.71,东方财富 K线 API
利率/美元指数,美债10Y,171.US10Y,2026-08-21,4.7339,东方财富 K线 API
利率/美元指数,美债10Y,171.US10Y,2026-08-24,4.6981,东方财富 K线 API
利率/美元指数,美债10Y,171.US10Y,2026-08-25,4.6327,东方财富 K线 API
利率/美元指数,美债10Y,171.US10Y,2026-08-26,4.6505,东方财富 K线 API
利率/美元指数,美债10Y,171.US10Y,2026-08-27,4.6762,东方财富 K线 API
利率/美元指数,美债10Y,171.US10Y,2026-08-28,4.716,东方财富 K线 API
利率/美元指数,美债10Y,171.US10Y,2026-08-31,4.752,东方财富 K线 API
利率/美元指数,美债10Y,171.US10Y,2026-09-01,4.8021,东方财富 K线 API
利率/美元指数,美债10Y,171.US10Y,2026-09-02,4.7821,东方财富 K线 API
利率/美元指数,美债10Y,171.US10Y,2026-09-03,4.774,东方财富 K线 API
利率/美元指数,美债10Y,171.US10Y,2026-09-04,4.7862,东方财富 K线 API
利率/美元指数,美债10Y,171.US10Y,2026-09-07,4.7902,东方财富 K线 API
利率/美元指数,美债10Y,171.US10Y,2026-09-08,4.7922,东方财富 K线 API
利率/美元指数,美债10Y,171.US10Y,2026-09-09,4.8467,东方财富 K线 API
利率/美元指数,美债10Y,171.US10Y,2026-09-10,4.9667,东方财富 K线 API
利率/美元指数,美债10Y,171.US10Y,2026-09-11,4.971,东方财富 K线 API
利率/美元指数,美债10Y,171.US10Y,2026-09-14,4.9957,东方财富 K线 API
利率/美元指数,美债10Y,171.US10Y,2026-09-15,5.004,东方财富 K线 API
